{"cameraMode":{"drawMode":0,"name":"Shaded","section":"Shading Mode"},"sceneLighting":true,"audioPlay":false,"sceneViewState":{"showFog":true,"showMaterialUpdate":true,"showSkybox":true,"showFlares":true,"showImageEffects":true,"showParticleSystems":true},"in2DMode":false,"pivot":{"x":-0.3139469027519226,"y":-0.7021141052246094,"z":9.537616729736329},"rotation":{"x":0.20583079755306245,"y":-0.0017450674204155803,"z":0.000370506924809888,"w":0.9785860180854797},"size":44.10149383544922,"orthographic":false}