{"cameraMode":{"drawMode":0,"name":"Shaded","section":"Shading Mode"},"sceneLighting":true,"audioPlay":false,"sceneViewState":{"showFog":true,"showMaterialUpdate":true,"showSkybox":true,"showFlares":true,"showImageEffects":true,"showParticleSystems":true},"in2DMode":false,"pivot":{"x":11.189831733703614,"y":-0.7284125089645386,"z":2.7589235305786135},"rotation":{"x":0.22787080705165864,"y":0.33059200644493105,"z":-0.08258550614118576,"w":0.9121203422546387},"size":63.89786911010742,"orthographic":false}