{"cameraMode":{"drawMode":0,"name":"Shaded","section":"Shading Mode"},"sceneLighting":true,"audioPlay":false,"sceneViewState":{"showFog":true,"showMaterialUpdate":true,"showSkybox":true,"showFlares":true,"showImageEffects":true,"showParticleSystems":true},"in2DMode":false,"pivot":{"x":-3.215083360671997,"y":19.310821533203126,"z":12.446651458740235},"rotation":{"x":0.10362344980239868,"y":-0.009231708012521267,"z":0.0009654234745539725,"w":0.9945732951164246},"size":64.1602783203125,"orthographic":false}