{"cameraMode":{"drawMode":0,"name":"Shaded","section":"Shading Mode"},"sceneLighting":true,"audioPlay":false,"sceneViewState":{"showFog":true,"showMaterialUpdate":true,"showSkybox":true,"showFlares":true,"showImageEffects":true,"showParticleSystems":true},"in2DMode":false,"pivot":{"x":0.0,"y":9.470000267028809,"z":-10.720000267028809},"rotation":{"x":-0.14650966227054597,"y":-0.6721757054328919,"z":0.13822771608829499,"w":-0.7124661207199097},"size":42.57622146606445,"orthographic":false}