{"cameraMode":{"drawMode":0,"name":"Shaded","section":"Shading Mode"},"sceneLighting":true,"audioPlay":false,"sceneViewState":{"showFog":true,"showMaterialUpdate":true,"showSkybox":true,"showFlares":true,"showImageEffects":true,"showParticleSystems":true},"in2DMode":false,"pivot":{"x":0.5419501662254334,"y":15.266352653503418,"z":-15.300756454467774},"rotation":{"x":-0.2568950057029724,"y":0.006946682929992676,"z":-0.0018494647229090334,"w":-0.9664126038551331},"size":15.809747695922852,"orthographic":false}