{"cameraMode":{"drawMode":0,"name":"Shaded","section":"Shading Mode"},"sceneLighting":true,"audioPlay":false,"sceneViewState":{"showFog":true,"showMaterialUpdate":true,"showSkybox":true,"showFlares":true,"showImageEffects":true,"showParticleSystems":true},"in2DMode":false,"pivot":{"x":4.220945835113525,"y":4.592991352081299,"z":2.5274720191955568},"rotation":{"x":-0.2886083722114563,"y":0.015502572990953923,"z":-0.004671087488532066,"w":-0.9573103785514832},"size":0.4441484212875366,"orthographic":false}